stage,snapshot_found,snapshot_path,source_hash_available,verification_strength,can_create_authentic_commit,can_create_tag,notes
Stage00,NO,,NOT VERIFIED,INSUFFICIENT,NO,NO,HISTORICAL SOURCE SNAPSHOT UNAVAILABLE.
Stage01,NO,,NOT VERIFIED,INSUFFICIENT,NO,NO,HISTORICAL SOURCE SNAPSHOT UNAVAILABLE.
Stage02,NO,,NOT VERIFIED,INSUFFICIENT,NO,NO,HISTORICAL SOURCE SNAPSHOT UNAVAILABLE.
Stage03,NO,,NOT VERIFIED,INSUFFICIENT,NO,NO,HISTORICAL SOURCE SNAPSHOT UNAVAILABLE.
Stage04,NO,,NOT VERIFIED,INSUFFICIENT,NO,NO,HISTORICAL SOURCE SNAPSHOT UNAVAILABLE.
Stage05,NO,,NOT VERIFIED,INSUFFICIENT,NO,NO,HISTORICAL SOURCE SNAPSHOT UNAVAILABLE.
Stage06,NO,,NOT VERIFIED,INSUFFICIENT,NO,NO,HISTORICAL SOURCE SNAPSHOT UNAVAILABLE.
Stage07,NO,,NOT VERIFIED,INSUFFICIENT,NO,NO,HISTORICAL SOURCE SNAPSHOT UNAVAILABLE.
Stage08,NO,,NOT VERIFIED,INSUFFICIENT,NO,NO,HISTORICAL SOURCE SNAPSHOT UNAVAILABLE.
