reader_order,claim_id,section,paragraph_sha256,paragraph_text,evidence_artifact,evidence_sha256,scientific_status,permitted_wording,prohibited_extrapolation,verified_reference_ids
1,ABSTRACT-P01,Abstract,7e770b30ae69231da2118deecc10442820241e619c4843fd9376f21df1ae3d23,"Learned numerical corrections are useful only when the correction target is sufficiently determined by information available during deployment. We examined this requirement for a fixed-time smoothed particle hydrodynamics (SPH) spatial discretization defect. The defect was defined as the sampled analytical continuum operator minus the corresponding low-cost SPH operator, without time-integration or rollout error. Analytical references and numerical uncertainty were qualified before testing signal resolvability, controlled scaling, and observable identifiability. A mechanism-stratified development atlas contained 512 manufactured-field cases, and a redesigned observable set was evaluated on 384 entirely fresh cases.",00_project_contract/ddo_project_charter.md;06_manifests/ddo01br_manifest.json;06_manifests/ddo01cr_manifest.json;data/identifiability/ddo01e_metrics.json;06_manifests/ca06_manifest.json;data/ddo02b_identifiability/ddo02b_metrics.json,73695788de6a093db17dd016ef67906098a3cef40dc2b8bf96a68058f41c2db6;9dee9a6e1894e8c1745749b159915f7adc5a422c7b612f447188ee0c01e9a875;44bc51a9835be9c3bd9cd2732a9f1b9aee28cbc98cb2ca3931b83ad70f584fef;871108e9619b5c5405b8895ed0e82dd22ba08bf9c2104ca04d382aa0e8df9feb;9b238af878ae9a8bb64166631abd99e30ca2c5d66d3535781085de86953f033f;551dc207bb23d22271f66d76df4fc65c08aa8649e366183ddc2db23072d2d582,FROZEN_SYNTHESIS,State the pre-learning question and the prospective qualification sequence.,"Do not imply that neural training, temporal prediction, or solver-in-loop evaluation occurred.",
2,ABSTRACT-P02,Abstract,e225a0ef4df3f9f70679e4ce2a22abe123ff75c42032c4242eaed854becb7997,"All five evaluated defect components were resolved above the qualified float64 uncertainty floor. Scaling was component- and disorder-dependent: density rate retained systematic scaling in regular and tested-disorder scopes, whereas pressure-gradient and viscosity-Laplacian accelerations qualified only in the regular scope. On fresh evidence, the pressure nearest-neighbour disagreement 90th percentile was 45.54, while the density-rate diagnostic oracle normalized root-mean-square error was 0.548. All three primary dynamic mappings failed the preregistered identifiability criteria after observable redesign. Locality was therefore not interpreted, and no representation-learning or neural-correction stage was initiated. These results show that a resolvable and systematically scaling SPH defect need not satisfy identifiability from the tested deployment-compatible instantaneous observables.",06_manifests/ddo01br_manifest.json;06_manifests/ddo01cr_manifest.json;data/identifiability/ddo01e_formal_verdicts.json;data/ddo02b_identifiability/ddo02b_metrics.json;06_manifests/ddo02b_manifest.json;06_manifests/ddo02z_final_status_ledger.json,9dee9a6e1894e8c1745749b159915f7adc5a422c7b612f447188ee0c01e9a875;44bc51a9835be9c3bd9cd2732a9f1b9aee28cbc98cb2ca3931b83ad70f584fef;478e51ea8a9b407a0181c9bb7789590a76e7dc8b6aa3301beb5084e8dbd1dd0e;551dc207bb23d22271f66d76df4fc65c08aa8649e366183ddc2db23072d2d582;56fb9259a9abbc702684028485cce61b3f00fada37febe56778bc35492fc334d;0f7c74b44575a3f744f31b1d2c7347d462dbfdfb381f47b0fb54087daddce54a,FROZEN_CORE_CONCLUSION,Use the exact route-specific conclusion and state why training was not performed.,"Do not claim fundamental unlearnability, neural failure, global H4 failure, or H5/H6 failure.",
3,INTRO-P01,1. Introduction,924a7285162a612dfde48c3a881541242eb05758ad489689daa5ab0065dfd7cc,"Smoothed particle hydrodynamics represents continuum fields through kernel-weighted interactions among moving particles. Its spatial approximations therefore depend on resolution, kernel support, particle consistency, and local particle arrangement. Truncation and consistency analyses have shown that these factors interact, particularly when particle distributions depart from regular configurations (Quinlan et al., 2006; Litvinov et al., 2015; Sigalotti et al., 2016). Spatial discretization defects should consequently be treated as operator- and component-specific quantities rather than as a single scalar measure of SPH accuracy.",publication/literature/verified_reference_register.csv;publication/literature/citation_claim_map.csv,6d33739d36d1ef7d27d2c9c375d8478eacf6fabf72c1a09cf53b832281589cb2;ee11699c64ce05fe80719f01baf494d672d892f8b45dbe5c107fe3e769ce388c,VERIFIED_EXTERNAL_LITERATURE_CONTEXT,Retain only as literature-supported background after citation verification.,Do not present this paragraph as project evidence or claim universal behavior for all SPH formulations.,R01;R02;R03
4,INTRO-P02,1. Introduction,3182ed4ed9bc04e86c20cfb2f73a5e64aa819db6dc85803217352b4013c4ccbc,"Machine learning has been used to construct data-driven discretizations and correct iterative partial differential equation solvers (Bar-Sinai et al., 2019; Um et al., 2020). It has also parameterized Lagrangian particle models (Woodward et al., 2023). AI-based SPH emulators demonstrate that particle interactions can be optimized from data (Amato et al., 2024). Differentiable SPH frameworks support inverse problems and hybrid solver-network systems (Winchenbach and Thuerey, 2026). These advances establish learned numerical correction and learned SPH as active research areas. They do not determine whether a specified correction target is recoverable from observables retained at deployment.",publication/literature/verified_reference_register.csv;publication/literature/citation_claim_map.csv,6d33739d36d1ef7d27d2c9c375d8478eacf6fabf72c1a09cf53b832281589cb2;ee11699c64ce05fe80719f01baf494d672d892f8b45dbe5c107fe3e769ce388c,VERIFIED_EXTERNAL_LITERATURE_CONTEXT,Use as motivation for an upstream observability test once suitable literature is supplied.,Do not imply that any neural architecture was evaluated in SPH-DDO.,R04;R05;R06;R07;R13
5,INTRO-P03,1. Introduction,f66833d08053dc0d011644698ed4f7d1cacf887f74c716724d0fda9c99be1810,"Several close studies delimit the contribution considered here. Kiener et al. (2023) learned vertexwise coarse-to-fine computational fluid dynamics discretization errors, while Qarariyah et al. (2025) coupled residual learning to an SPH discretization. Duraisamy (2021) identified non-uniqueness and numerical-model error confounding as concerns for machine-learning-augmented turbulence models. More recently, Katz and John (2026) reported unsuccessful validation after training several coarse-flow correction networks. Thus, discretization-error learning, SPH correction, identifiability concerns, and negative post-training correction results each have clear precedents. The unresolved issue is their ordering within a prospective qualification workflow.",00_project_contract/ddo_project_charter.md;publication/literature/citation_claim_map.csv;publication/literature/verified_reference_register.csv;publication/literature/novelty_stress_test.md,73695788de6a093db17dd016ef67906098a3cef40dc2b8bf96a68058f41c2db6;ee11699c64ce05fe80719f01baf494d672d892f8b45dbe5c107fe3e769ce388c;6d33739d36d1ef7d27d2c9c375d8478eacf6fabf72c1a09cf53b832281589cb2;e3411f08de11b7e0fc2fc2a30be92299c11dc6f16db0d241f7da11bb34cdc49c,FROZEN_PROJECT_LOGIC_WITH_VERIFIED_EXTERNAL_CONTEXT_WITH_VERIFIED_LITERATURE_POSITIONING,"Separate H1, H2, and H3 as distinct questions.",Do not turn the empirical diagnostics into a general inverse-problem theorem.,R15;R16;R17;R18
6,INTRO-P04,1. Introduction,c9112613254f6c7fb0dcc2ac54c07c1e344738135d9c3762bbbe7d32b20e4740,"A correction target can be large relative to numerical uncertainty and can vary systematically with discretization parameters, yet remain conditionally ambiguous for the available input. Model fitting cannot by itself separate information deficiency from architectural or optimization limitations. We therefore ask whether a componentwise, fixed-time SPH spatial defect is sufficiently determined by deployment-compatible instantaneous observables before selecting a neural architecture. The study separates signal magnitude, controlled scaling, and observable identifiability as independent empirical questions.",00_project_contract/ddo_project_charter.md;06_manifests/ddo02z_final_status_ledger.json,73695788de6a093db17dd016ef67906098a3cef40dc2b8bf96a68058f41c2db6;0f7c74b44575a3f744f31b1d2c7347d462dbfdfb381f47b0fb54087daddce54a,FROZEN_PROJECT_SCOPE,Present the scientific logic and terminal boundary.,"Do not describe the work as an architecture comparison, a trained correction method, or SPH-PIO continuation.",
7,DISC-P07,1. Introduction,bdce2181718cc6035496208f84237ae5d4721b89204848d0cdb89f36f21c033b,"Within the documented targeted search, we did not locate a peer-reviewed study that applied this complete componentwise pre-learning identifiability gate to an SPH spatial discretization-defect target. We also did not locate one that withheld neural training after a prospectively frozen gate failed. This search-bounded position is not a claim of priority across all inverse problems or learned simulators. The present study is also distinct from any separate trained conservative-correction route, whose optimizer, stability, and support evidence would require an independent manuscript and evidence chain.",publication/cross_paper_relation_memo.md;publication/literature/verified_reference_register.csv;publication/literature/novelty_stress_test.md,7a5681c710e5a899f14cb5df66e8d41cdd9ab5d094f96823239ecab7579537aa;6d33739d36d1ef7d27d2c9c375d8478eacf6fabf72c1a09cf53b832281589cb2;e3411f08de11b7e0fc2fc2a30be92299c11dc6f16db0d241f7da11bb34cdc49c,FROZEN_PUBLICATION_BOUNDARY_WITH_VERIFIED_LITERATURE_POSITIONING,State the distinct questions and non-overlap rule.,Do not merge the manuscripts or import SPH-PIO training results into SPH-DDO.,
8,FORM-P04,1. Introduction,7b72a59738f178e5cbea0ea3af75bb5d46e8dc74c85acad4974f213142c68933,"The study makes four contributions. First, it defines and numerically qualifies an analytical fixed-time SPH defect with a strict observable-reference firewall. Second, it distinguishes signal resolvability (H1) from controlled scaling (H2) and observable identifiability (H3). Third, it applies non-neural conditional-ambiguity diagnostics to a balanced development atlas, followed by a prospectively fixed observable redesign and fresh requalification. Fourth, it enforces the hierarchy beyond H3: locality (H4) is interpreted only after identifiability, while representation learning (H5) and generalization (H6) require the preceding stages. This hierarchy prevents downstream model evidence from being inferred when an upstream requirement is absent.",00_project_contract/ddo_project_charter.md;publication/final_hypothesis_ledger.csv;06_manifests/ddo02z_final_status_ledger.json,73695788de6a093db17dd016ef67906098a3cef40dc2b8bf96a68058f41c2db6;694841a5ff154ebaefa39207a526739eee619a8db6fb53d02447b92d92ba0743;0f7c74b44575a3f744f31b1d2c7347d462dbfdfb381f47b0fb54087daddce54a,FROZEN_HYPOTHESIS_GOVERNANCE,Use the exact final status vocabulary.,Do not collapse NOT_QUALIFIED or NOT_AUTHORIZED into FAIL.,
9,FORM-P01,2.1 Spatial discretization-defect formulation,abba08c999cdbbc910a878473b073cb5e3afa3f21b8889221530def9321215f7,"Let \(q^*(\mathbf{x})\) denote a smooth manufactured continuum state, and let \(\mathcal{L}\) denote the continuum spatial operator. The maps \(\mathcal{R}_h\) and \(\mathcal{L}_h\) denote particle sampling and the corresponding SPH semi-discrete operator. The fixed-time spatial defect was defined as \(d_h^*=\mathcal{R}_h\mathcal{L}(q^*)-\mathcal{L}_h(\mathcal{R}_h q^*)\). This positive-additive sign convention means that adding \(d_h^*\) recovers the sampled continuum operator within qualified numerical uncertainty. The target excludes time integration, next-state prediction, and rollout error.",00_project_contract/ddo_project_charter.md;02_defect_definitions/spatial_defect_definition.md,73695788de6a093db17dd016ef67906098a3cef40dc2b8bf96a68058f41c2db6;f986d2e8adbfa5ee65d2c06dff7c3b372f23bcfe075646a009347de07902ab8e,FROZEN_DEFINITION,Use the frozen fixed-time defect equation and positive-additive sign convention.,"Do not include time-integration, next-state, rollout, or division-by-dt error in the target.",
10,FORM-P03,2.1 Spatial discretization-defect formulation,e3cc867f2f318dbfc2c8c8bda9322599b1a42e75366092d11448f074c03de710,"Analytical and manufactured quantities were used only to construct and audit reference targets. Deployment descriptors, neighbourhood construction, normalization, routing, and diagnostic inputs could not use reference-minus-low-cost quantities or equivalent target-derived proxies. Observable and reference fields were stored separately, and the separation was audited before each identifiability assessment. This one-way information firewall ensured that the target definition could not leak into the candidate deployment inputs.",00_project_contract/ddo_project_charter.md;data/identifiability/ddo01e_firewall_audit.json;data/ddo02b_identifiability/ddo02b_observable_feature_schema.json,73695788de6a093db17dd016ef67906098a3cef40dc2b8bf96a68058f41c2db6;5e32db365620c8d8d621d3ccabc502aaffe1f83bda542e533541daf235e20d8b;3abde8010d1eb99112af74406fffab164ecaa20aa8ba4df3e3c8d907440c28d5,FROZEN_FIREWALL,State the strict separation of deployable inputs and reference targets.,Do not equate reference-free with deployment-observable or imply that manufactured metadata is automatically deployable.,
11,FORM-P05,2.2 Analytical reference and numerical qualification,bd12e9191fc4995711f609f4bce5ab9129c11d4e2890e33e32dab06a235aead1,"Closed-form derivatives of the manufactured fields provided the primary continuum reference. An independent automatic-differentiation route was used only to cross-check those derivatives. Refining the same SPH discretization was not treated as a reference solution, and high-resolution SPH was never used as truth. The resulting scope is an analytical, fixed-time assessment of spatial operators rather than an evaluation of accumulated trajectory error.",00_project_contract/ddo_project_charter.md;06_manifests/ddo01br_manifest.json;06_manifests/ddo01d_manifest.json,73695788de6a093db17dd016ef67906098a3cef40dc2b8bf96a68058f41c2db6;9dee9a6e1894e8c1745749b159915f7adc5a422c7b612f447188ee0c01e9a875;aa348eea6d59dd72d4d80116e7a44b212d9f6b571e79bbff514ceab59f0515f8,FROZEN_REFERENCE_HIERARCHY,State the analytical-reference hierarchy and high-resolution-SPH boundary.,Do not claim that high-resolution SPH is truth.,
12,NUM-P01,2.2 Analytical reference and numerical qualification,5cf67e80e65a40a1dc0a94228c18cd90f8f1ca4c8b9f35b15d098509d6b611c4,"Numerical qualification combined analytical-route agreement with explicit SPH graph and accumulation checks. The graph audits covered periodic topology, neighbour reciprocity, support completeness, and deterministic geometry reconstruction. Repeat evaluation, neighbour permutation, compensated accumulation, the positive-additive sign convention, and pressure-plus-viscosity component closure were also checked. Formal uncertainty was based on float64 calculations; float32 degradation remained a non-gating diagnostic.",06_manifests/ddo01br_manifest.json;06_manifests/ddo01cr_manifest.json;06_manifests/ddo01d_manifest.json;data/ddo02b_atlas/ddo02b_case_metadata.json,9dee9a6e1894e8c1745749b159915f7adc5a422c7b612f447188ee0c01e9a875;44bc51a9835be9c3bd9cd2732a9f1b9aee28cbc98cb2ca3931b83ad70f584fef;aa348eea6d59dd72d4d80116e7a44b212d9f6b571e79bbff514ceab59f0515f8;1e89221d7d13c1933d2ebb89452c4f1c3273e7ec15b9e2bf9557e3b2cea01a9e,FROZEN_METHOD,Describe only the audits recorded in the frozen stage artifacts.,"Do not infer dynamic stability, conservation of a learned correction, or solver convergence.",
13,FORM-P02,2.3 Manufactured-field families and component roles,2fd2f6a26fd98ec8f8a769b4ff4e0ae68868831b8a0bf6776b406e088a07e42e,"Three quantities were treated as independent primary dynamic components: density rate, pressure-gradient acceleration, and viscosity-Laplacian acceleration. Total acceleration was retained only as the derived pressure-plus-viscosity closure diagnostic. Interpolation density was treated as an algebraic density diagnostic. These roles were fixed before qualification and prevented a favourable derived quantity from replacing a failed primary component.",02_defect_definitions/operator_decomposition.md;publication/final_hypothesis_ledger.csv,13c01a36aecfd977fa8d2666db0a1aa57c1bad53b1d1c768752ec207a1f4162b;694841a5ff154ebaefa39207a526739eee619a8db6fb53d02447b92d92ba0743,FROZEN_COMPONENT_ROLES,Distinguish primary mappings from derived and algebraic diagnostics.,Do not report total acceleration as an independently fitted H3 route or interpolation density as a primary dynamic target.,
14,ATLAS-P02,2.3 Manufactured-field families and component roles,6d02631a72777d1a0b88f48b305c231cceb2a451c49845f967df840380d7a267,"The manufactured fields comprised four mechanism families. They covered single-mode fields, multimode fields, directional or mechanism-focused fields, and controlled-disorder configurations. The disorder family included matched blocks across support ratio and perturbation level, so difficult strata were retained rather than removed after numerical evaluation. The family definitions were fixed before target construction.",06_manifests/ddo01d_manifest.json;07_reports/ddo01d_atlas_report.md;07_reports/ddo01e_disorder_mechanism_report.md,aa348eea6d59dd72d4d80116e7a44b212d9f6b571e79bbff514ceab59f0515f8;34287fad5e29fec9cafd9f66899a4ba1069095d9b8d19d495aacfd4f1c21fd9c;42c5c0dace911df53b3c03ff8c4c446bcd4c8d016dd85039b45b860ead67bf3a,FROZEN_ATLAS_SCOPE,Describe the mechanism and matched-block organization at the frozen level.,Do not attribute an independent causal effect to support ratio or neighbor count when they co-vary.,
15,SIGNAL-P01,2.4 Signal-resolvability qualification,fb02cbc7f554d54073cc32e885d085aee4d6a598d8dba8829dbffb2688be1623,"For component \(c\), signal resolvability compared a robust target scale \(T_c\) with qualified numerical and reference uncertainty \(U_c\) through \(R_c=T_c/U_c\). The preregistered criterion required \(R_c\geq10\) and a stratified-bootstrap lower bound \(L_{95,c}>5\). Analytically unexcited component-case pairs were excluded from the component aggregation rather than inserted as zeros. This procedure tested whether a defect rose above the numerical uncertainty floor.",06_manifests/ddo01br_manifest.json,9dee9a6e1894e8c1745749b159915f7adc5a422c7b612f447188ee0c01e9a875,FROZEN_H1_METHOD,State the frozen H1 thresholds and unexcited-case rule.,Do not redefine H1 using average target magnitude or include unexcited zeros.,
16,SIGNAL-P03,2.4 Signal-resolvability qualification,dfadebb0890583bc3992fdf2564435c30f1bbacf059b61fe97eaa6b9ea376326,"Signal qualification was deliberately not interpreted as learnability. A component could satisfy the amplitude criteria while remaining ambiguous for deployment observables. Likewise, a later identifiability result could not be attributed to insufficient signal once signal qualification had passed. This separation preserved the distinct evidential roles of uncertainty qualification and conditional target determination.",06_manifests/ddo01br_manifest.json;publication/failure_taxonomy.md,9dee9a6e1894e8c1745749b159915f7adc5a422c7b612f447188ee0c01e9a875;0af5609d7ee6603f001e0260ea70959394096ff81d4b051a5f081d02b991a69f,FROZEN_INTERPRETATION,State that weak signal was rejected within the tested scopes and distinguish H1 from H3.,Do not describe H1 PASS as proof of predictability.,
17,SCALE-P01,2.5 Controlled scaling qualification,3546fd3f5cf765ef48b54f43378c7d2d9dd611cfcc67e14c9960d8e329c1a11f,Controlled scaling was assessed prospectively on refinement and spectral tracks at the canonical formal support ratio \(h/\Delta x=4\). Separate regular and jittered scopes were evaluated with predefined monotonicity and dispersion gates. Local log slopes were reported only as descriptive summaries and were not fitted or interpreted as convergence orders. The formal outcome was therefore a componentwise statement about systematic variation within the tested tracks.,06_manifests/ddo01cr_manifest.json,44bc51a9835be9c3bd9cd2732a9f1b9aee28cbc98cb2ca3931b83ad70f584fef,FROZEN_H2_METHOD,State the frozen H2 design and decision variables.,Do not report descriptive slopes as universal convergence orders.,
18,ATLAS-P01,2.6 Mechanism-stratified development atlas,25259d8e02d8ff2202237359472d933f22566c860c8428aa7001923c38a6c35e,"The mechanism-stratified development atlas contained 512 complete static cases. Its registry was fixed before target evaluation and was balanced across the four families, with 128 cases per family. The design exposed the observable mapping to several defect mechanisms rather than to a single refinement sequence. All case strata remained subject to the same analytical-reference, numerical-qualification, and firewall requirements.",06_manifests/ddo01d_manifest.json;07_reports/ddo01d_atlas_report.md,aa348eea6d59dd72d4d80116e7a44b212d9f6b571e79bbff514ceab59f0515f8;34287fad5e29fec9cafd9f66899a4ba1069095d9b8d19d495aacfd4f1c21fd9c,FROZEN_ATLAS_DESIGN,State the prospective registry and exact balance.,Do not imply that the atlas itself evaluated H3 or constituted a sealed test.,
19,ATLAS-P03,2.6 Mechanism-stratified development atlas,6029805f5c8660888545016543486e8a784c9c7b8fd71f27daf85ff9becbdc41,"The 512 cases were designated development evidence from their creation. They supported the initial identifiability assessment and later failure attribution, after which they were considered consumed for observable design. They could not be relabelled as fresh evidence for the redesigned representation. This distinction enforced independence between diagnosis and formal requalification.",06_manifests/ddo01d_manifest.json;06_manifests/ddo02z_final_status_ledger.json,aa348eea6d59dd72d4d80116e7a44b212d9f6b571e79bbff514ceab59f0515f8;0f7c74b44575a3f744f31b1d2c7347d462dbfdfb381f47b0fb54087daddce54a,FROZEN_DATA_ROLE,Maintain the development/consumed role of all 512 cases.,Do not count DDO-01D cases toward the DDO-02B fresh quota.,
20,ATLAS-P04,2.6 Mechanism-stratified development atlas,a939bc39a703674aef713874a0e80eef4689218fbceb300d45545f98e4317c85,"Atlas qualification established case balance, numerical validity, descriptor availability, and reference separation. It did not establish predictability, locality, representation suitability, target-manifold dimension, or solver improvement. These properties required separate diagnostics and, where applicable, fresh evidence.",07_reports/ddo01d_atlas_report.md,34287fad5e29fec9cafd9f66899a4ba1069095d9b8d19d495aacfd4f1c21fd9c,FROZEN_CLAIM_BOUNDARY,Use the atlas only for its qualified design and data roles.,"Do not claim H3-H6, manifold structure, training success, or solver correction from atlas construction.",
21,ID-P01,2.7 Identifiability and locality diagnostics,b2b0bbb38fa7e5c45b47a2bad784e39573d738fb447ef41769a8594cc8e96092,"Observable identifiability was assessed by asking whether nearby particles in deployment-compatible feature space had sufficiently similar defects. The diagnostics combined nearest-neighbour disagreement, conditional target variance, fixed non-neural oracle error and improvement, family robustness, and feature-space coverage. The disagreement median and 90th percentile could not exceed 0.25 and 0.60, respectively. Conditional-variance and oracle-error limits were 0.35 and 0.50, while coverage had to reach 0.90. Every applicable gate had to pass.",data/identifiability/ddo01e_metrics.json,871108e9619b5c5405b8895ed0e82dd22ba08bf9c2104ca04d382aa0e8df9feb,FROZEN_H3_METHOD,Describe the preregistered H3 diagnostic classes without presenting them as production models.,"Do not call kNN, ridge, or polynomial ridge trained correction architectures.",
22,ID-P02,2.7 Identifiability and locality diagnostics,67adb2c1f072c7db9bdf9ecaa1f556fe5746e9388c7e95ad2963da3cc40f7586,"The initial assessment used exactly 65,536 deterministically selected particle samples, corresponding to 128 particles from each development case. Five folds were separated by manufactured-field lineage. Feature scaling used the training-fold median and interquartile range, and zero-interquartile-range channels were removed within each fold. Exact nearest-neighbour queries used \(k=5,10,20\), while ridge, polynomial-ridge, and nearest-neighbour regressors served only as fixed diagnostic oracles.",data/identifiability/ddo01e_metrics.json;data/identifiability/ddo01e_firewall_audit.json,871108e9619b5c5405b8895ed0e82dd22ba08bf9c2104ca04d382aa0e8df9feb;5e32db365620c8d8d621d3ccabc502aaffe1f83bda542e533541daf235e20d8b,FROZEN_INITIAL_H3_EXECUTION,"State sample count, lineage isolation, and train-only preprocessing.",Do not describe the development evidence as fresh DDO-02B evidence.,
23,REDESIGN-P02,2.8 Prospective observable redesign and fresh requalification,d329271b4b25f111b63b33c04b319a2ccf8efb7f21e913a0e06ee7845cce87f2,"Candidate redesign information was classified as runtime-direct, runtime-estimable, or design-only. The manufactured-wave quantities \(kh_{\max}\), \(kh_{\mathrm{rms}}\), mode count, and jitter fraction were design-only and were excluded from the formal deployable set. Reference-free status alone was not sufficient for deployment eligibility; the information also had to be available or estimable under the intended online route.",data/ddo02a/deployment_observability_ledger.csv;06_manifests/ca06_manifest.json,d2b80a2ae350e62afbcac7e1a6e037915ccd78240461548c3dd931fac5dd298b;9b238af878ae9a8bb64166631abd99e30ca2c5d66d3535781085de86953f033f,FROZEN_DEPLOYMENT_AUDIT,Name the four prohibited design-only fields and their exclusion.,Do not assume that any reference-free field is deployment-observable.,
24,REDESIGN-P03,2.8 Prospective observable redesign and fresh requalification,1c89282aea4354e6032448e7fa798915458dccd85e2baa355daebd6c7cac5614,"Before any fresh target was evaluated, the expanded representation was fixed with 30 reference-free descriptors. These covered weighted second- to fourth-order particle moments, angular harmonics, observable-defined directional channels, and local quadratic reconstruction proxies. Descriptor dimensions, normalization, transformation behaviour, conditioning, failure flags, contextual aggregation, and frame-degeneracy fallback were specified prospectively. The design used geometric equivariance only as representation context; no equivariant neural network was implemented (Satorras et al., 2021).",06_manifests/ca06_manifest.json;06_manifests/ca06_descriptor_dictionary.json;publication/literature/citation_claim_map.csv,9b238af878ae9a8bb64166631abd99e30ca2c5d66d3535781085de86953f033f;591a9826b7560b5a8865b3b4b7d540efd7791deeba80cff9751e357b3908c262;ee11699c64ce05fe80719f01baf494d672d892f8b45dbe5c107fe3e769ce388c,FROZEN_PROSPECTIVE_CONTRACT_WITH_VERIFIED_EXTERNAL_CONTEXT,Describe the exact frozen descriptor groups and freeze order.,Do not claim that an equivariant GNN was implemented or tested.,R10
25,REQUAL-P01,2.8 Prospective observable redesign and fresh requalification,f0218f4a865ee401a78d9e1b788936cc9889c04fba27bc2d85c74478d376b0ab,"Fresh requalification used 384 newly generated complete cases, balanced as 96 cases per family. New deterministic phases and disorder realizations produced zero field-lineage overlap with the development atlas. Exactly 49,152 particle samples entered the formal analysis. The expanded representation and all diagnostic gates remained unchanged after fresh target access.",06_manifests/ddo02b_case_registry.json;data/ddo02b_identifiability/ddo02b_metrics.json,5588bcc92c0db124481187c17c1e313ef308cddfc75968f152107a4abb1264b4;551dc207bb23d22271f66d76df4fc65c08aa8649e366183ddc2db23072d2d582,FROZEN_FRESH_DESIGN,"State exact case balance, sample count, and zero lineage overlap.",Do not reuse the 512 development cases as fresh formal evidence.,
26,NUM-P02,3.1 Numerical qualification and defect resolvability,45d139b3ae0ae6a71635cfafe0d27d0ed09cacc71d5ffd2cb73bd7cb25a32d0e,"All 24 signal-qualification cases passed the mandatory analytical, topology, uncertainty, sign, and closure audits. The maximum discrepancy between analytical derivative routes was \(1.776357\times10^{-15}\), and the maximum component-closure residual was zero. All 204 scaling cases also passed numerical qualification. Their maximum derivative discrepancy was \(1.421086\times10^{-14}\), and every formal log response was admissible.",06_manifests/ddo01br_manifest.json;06_manifests/ddo01cr_manifest.json,9dee9a6e1894e8c1745749b159915f7adc5a422c7b612f447188ee0c01e9a875;44bc51a9835be9c3bd9cd2732a9f1b9aee28cbc98cb2ca3931b83ad70f584fef,FROZEN_QUALIFIED_RESULT,Report the exact H1/H2 numerical qualification counts and discrepancies.,Do not treat these cases as balanced F1-F4 H3 evidence.,
27,NUM-P03,3.1 Numerical qualification and defect resolvability,7f9453feaf7a6ffc8588675581fd9809c1307b54db74aa2405de2506a83466f5,The 512-case development atlas passed numerical qualification without post-target case replacement or failure deletion. Observable and reference-target archives remained physically separated. No empirical target normalization based on fitted powers of the smoothing length was introduced. The complete balanced atlas was therefore retained for the initial observable assessment.,06_manifests/ddo01d_manifest.json;07_reports/ddo01d_atlas_report.md,aa348eea6d59dd72d4d80116e7a44b212d9f6b571e79bbff514ceab59f0515f8;34287fad5e29fec9cafd9f66899a4ba1069095d9b8d19d495aacfd4f1c21fd9c,FROZEN_DEVELOPMENT_ATLAS_QUALIFICATION,State 512/512 qualification and storage separation.,Do not call the DDO-01D cases fresh DDO-02B requalification evidence.,
28,NUM-P04,3.1 Numerical qualification and defect resolvability,9d43e59a8b7adeefeac9cf039236fc391448fb10a1de51e7479951b8a722f57e,All 384 fresh cases passed the same mandatory fixed-time qualification before formal aggregation. The fresh release audit satisfied all 13 preregistered quality gates. Its feature-schema audit also recorded that the reference archive was not opened during observable-feature construction. These checks preserved the target-input firewall after redesign.,data/ddo02b_atlas/ddo02b_case_metadata.json;data/ddo02b_identifiability/ddo02b_observable_feature_schema.json;06_manifests/ddo02b_manifest.json,1e89221d7d13c1933d2ebb89452c4f1c3273e7ec15b9e2bf9557e3b2cea01a9e;3abde8010d1eb99112af74406fffab164ecaa20aa8ba4df3e3c8d907440c28d5;56fb9259a9abbc702684028485cce61b3f00fada37febe56778bc35492fc334d,FROZEN_FRESH_QUALIFICATION,"State 384/384 validity, firewall preservation, and release completion.","Do not interpret release qualification as H3, H5, rollout, or solver qualification.",
29,SIGNAL-P02,3.1 Numerical qualification and defect resolvability,6e2abf7d561d7d7abf06434d9399fa596bce45069996b8eeb2f1ca7fc5d06e68,"All five components satisfied the signal-resolvability criteria over their qualified excited-case scopes. Ratios were \(2.455\times10^{11}\) for interpolation density, \(1.615\times10^{12}\) for density rate, and \(2.194\times10^{12}\) for pressure-gradient acceleration. They were \(1.405\times10^{12}\) for viscosity-Laplacian acceleration and \(1.267\times10^{12}\) for total acceleration. Bootstrap lower bounds ranged from \(2.284\times10^{11}\) to \(1.643\times10^{12}\), far above the qualification limits.",06_manifests/ddo01br_manifest.json,9dee9a6e1894e8c1745749b159915f7adc5a422c7b612f447188ee0c01e9a875,FROZEN_H1_PASS,Report componentwise H1 PASS and the frozen numerical range.,"Do not infer scaling, identifiability, learnability, or deployment performance from H1.",
30,SCALE-P02,3.2 Componentwise scaling and disorder sensitivity,66b1153368e09f1539b5bc2d734705caf2748bdc55497618f2307bc1a2fa3df2,Density rate passed the refinement and spectral gates in both regular and tested jittered configurations. It therefore retained systematic scaling at the canonical support ratio across the complete qualified scaling scope. This component supplied the only primary dynamic example whose scaling qualification survived the tested disorder perturbation.,06_manifests/ddo01cr_manifest.json,44bc51a9835be9c3bd9cd2732a9f1b9aee28cbc98cb2ca3931b83ad70f584fef,FROZEN_H2_PASS,Restrict density-rate scaling to the frozen F1 and canonical-support scope.,"Do not extrapolate to all disorder types, support ratios, boundaries, or H3 identifiability.",
31,SCALE-P03,3.2 Componentwise scaling and disorder sensitivity,f1ab7937a7a1edfb0a4fcce3b21da2d0ddcaf2dc15e26274f2d304476ea8f848,Pressure-gradient acceleration and viscosity-Laplacian acceleration passed both regular-track gates but did not satisfy the jittered refinement requirement. Their formal scaling scope was therefore restricted to regular configurations. Derived total acceleration had the same regular-only status and was not used to replace either primary component. The combined result established component- and disorder-dependent scaling rather than a shared order across operators.,06_manifests/ddo01cr_manifest.json,44bc51a9835be9c3bd9cd2732a9f1b9aee28cbc98cb2ca3931b83ad70f584fef,FROZEN_H2_REGULAR_ONLY,"Use regular-scope-only wording for pressure, viscosity, and total acceleration.",Do not claim disorder-robust momentum scaling or a common component exponent.,
32,SCALE-P04,3.2 Componentwise scaling and disorder sensitivity,444ff2891a76e1b3cd907cd61dab573ef0a3e7cb25b18e1e3008de7c53e8285b,Interpolation density did not satisfy either regular or jittered scaling qualification and remained an algebraic diagnostic. Its signal was nevertheless strongly resolved above numerical uncertainty. This contrast provides the clearest example that resolvability alone does not establish systematic scaling. It also shows why signal and scaling require separate evidence.,06_manifests/ddo01cr_manifest.json;publication/final_hypothesis_ledger.csv,44bc51a9835be9c3bd9cd2732a9f1b9aee28cbc98cb2ca3931b83ad70f584fef;694841a5ff154ebaefa39207a526739eee619a8db6fb53d02447b92d92ba0743,FROZEN_H2_FAIL_DIAGNOSTIC,State interpolation H2 failure and the componentwise H2 conclusion.,Do not infer that interpolation H2 failure forces H3 failure in another component.,
33,ID-P03,3.3 Initial observable-identifiability assessment,f3b269de9d535dd60c409f656b1cd2cbc0b944a3b1cbb67df73f538ee626274d,"At the formal initial representation, all three primary dynamic mappings failed at least one preregistered identifiability criterion. Density rate had a disagreement 90th percentile of 2.653 and an oracle normalized root-mean-square error of 0.463. Pressure-gradient acceleration had a disagreement 90th percentile of 3.665, a conditional-variance upper bound of 1.399, and an oracle error of 1.044. Viscosity-Laplacian acceleration had a disagreement 90th percentile of 10.696 and an oracle error of 1.049. Passing individual diagnostics did not override a failed all-gates decision.",data/identifiability/ddo01e_metrics.json;data/identifiability/ddo01e_formal_verdicts.json,871108e9619b5c5405b8895ed0e82dd22ba08bf9c2104ca04d382aa0e8df9feb;478e51ea8a9b407a0181c9bb7789590a76e7dc8b6aa3301beb5084e8dbd1dd0e,FROZEN_INITIAL_H3_FAIL,Report the componentwise all-gates verdict.,Do not recompute a favorable replacement score or describe H3 failure as fundamental unlearnability.,
34,ID-P04,3.3 Initial observable-identifiability assessment,4294de783883b3b6ccd8154f1186972b61ee9f3f6fb3ad7b15ded46d7ad1b6db,"Formal feature-space coverage was 0.9526, exceeding the minimum of 0.90. Inadequate sampling of nearby feature points was therefore not sufficient to explain the initial outcome. Instead, the component-specific combination of disagreement tails, conditional variance, oracle error, and family sensitivity was consistent with conditional ambiguity under the tested observables.",data/identifiability/ddo01e_metrics.json;publication/failure_taxonomy.md,871108e9619b5c5405b8895ed0e82dd22ba08bf9c2104ca04d382aa0e8df9feb;0af5609d7ee6603f001e0260ea70959394096ff81d4b051a5f081d02b991a69f,FROZEN_FAILURE_ATTRIBUTION_BOUNDARY,State that coverage passed but did not remove conditional ambiguity.,Do not claim that coverage proves deployment generalization or that one ambiguity metric alone proves impossibility.,
35,ID-P05,3.4 Failure attribution and prospective redesign,65ab5aa4efc0e4585109babd13dde4e9b46599d5e2dde2ca4e261229d2261e50,"Within matched disorder blocks, adding simple consistency descriptors did not uniformly reduce pressure or viscosity ambiguity. The pressure conditional-variance diagnostic increased from 0.093 to 0.260 in the regular stratum and changed negligibly across the tested jitter strata. Viscosity showed the same absence of a uniform rescue. A post-verdict target singular-value decomposition was retained only as an empirical covariance diagnostic and was not interpreted as a low-dimensional physical manifold.",07_reports/ddo01e_descriptor_ablation_report.md;data/identifiability/ddo01e_target_subspace_diagnostic.json,750e84a502035f35cf0b9ee67390be92b2863b9def8b28950ab839cf9e85ae62;e2a06889a503390a47e3e19b7164ad09135dd9575cc643d32a508bf55a381d58,FROZEN_DIAGNOSTIC_BOUNDARY,Report no uniform consistency rescue and preserve the SVD diagnostic label.,Do not claim a two-dimensional target manifold or use target coordinates as inputs.,
36,REDESIGN-P01,3.4 Failure attribution and prospective redesign,c845b3b9daa50cb210852ac29f163231a5381bcfdca512c17b2550ce0ff6d36b,"Attribution on consumed development evidence supported two hypotheses for a fresh test: observable-defined directional augmentation and component-specific feature combinations. Their best disagreement-tail reductions were 10.49% and 20.95%, respectively. Higher-order particle moments and higher-derivative proxies produced smaller diagnostic reductions of 5.63% and 6.43% and remained inconclusive. None of these consumed-evidence results constituted a renewed identifiability assessment.",data/ddo02a/attribution_metrics.json,f2dca85e6c0e1db38aed3f32eca90a12375bc60af21a8dd544acc07b2d4c1a10,FROZEN_CONSUMED_ATTRIBUTION,Use the diagnostic statuses only to motivate prospective testing.,Do not present DDO-02A reductions as a new H3 PASS.,
37,REQUAL-P02,3.5 Fresh identifiability requalification,a01c103c399a3795e3f8d4c9b3867a0f1a4bd067977117e9922079089ee23a4f,"Density rate did not satisfy the fresh criteria after observable expansion. Its disagreement median was 0.001276, but the 90th percentile was 8.202, above the limit of 0.60. The conditional-variance upper bound was 0.1489, while the best fixed-oracle normalized root-mean-square error was 0.5481, above the limit of 0.50. Thus, favourable median and variance diagnostics did not offset the failed tail and oracle criteria. This outcome followed prior signal qualification and scaling qualification in both regular and tested-disorder scopes.",data/ddo02b_identifiability/ddo02b_metrics.json;data/ddo02b_identifiability/ddo02b_formal_verdicts.json,551dc207bb23d22271f66d76df4fc65c08aa8649e366183ddc2db23072d2d582;6cbedb7c46bc4c3b622ef2601ee4631b9763976bb98dd414fc9dd6d33c88d87c,FROZEN_FRESH_H3_FAIL,Report the exact density-rate failure metrics and distinguish H1/H2 from H3.,Do not use H1/H2 PASS to repair the H3 verdict.,
38,REQUAL-P03,3.5 Fresh identifiability requalification,c3c92afd91dfc4583c5db4127d433b3b9b8c6fb514b049a318edd63da798c640,"Pressure-gradient acceleration also failed the fresh all-gates decision. Its disagreement median was 0.0008044, but the 90th percentile reached 45.54. The conditional-variance upper bound was 1.070, and the best-oracle normalized root-mean-square error was 1.010. These values exceeded the respective limits of 0.60, 0.35, and 0.50. The result concerns the tested component, cases, and expanded observable representation.",data/ddo02b_identifiability/ddo02b_metrics.json;data/ddo02b_identifiability/ddo02b_formal_verdicts.json,551dc207bb23d22271f66d76df4fc65c08aa8649e366183ddc2db23072d2d582;6cbedb7c46bc4c3b622ef2601ee4631b9763976bb98dd414fc9dd6d33c88d87c,FROZEN_FRESH_H3_FAIL,Report the exact pressure metrics and component verdict.,"Do not attribute the failure to a single descriptor, disorder variable, or architecture.",
39,REQUAL-P04,3.5 Fresh identifiability requalification,bbde422eae4790387fd2ed58b48f1dbf8c0898e8592e6e26a6a756a527a4bf33,"Viscosity-Laplacian acceleration failed several fresh criteria. Its disagreement median was 0.2773, slightly above the limit of 0.25, while its 90th percentile was 26.88. The conditional-variance upper bound was 0.4042, and the best-oracle normalized root-mean-square error was 1.049. Each value exceeded its corresponding limit. The outcome does not extend to every viscosity discretization or possible observable representation.",data/ddo02b_identifiability/ddo02b_metrics.json;data/ddo02b_identifiability/ddo02b_formal_verdicts.json,551dc207bb23d22271f66d76df4fc65c08aa8649e366183ddc2db23072d2d582;6cbedb7c46bc4c3b622ef2601ee4631b9763976bb98dd414fc9dd6d33c88d87c,FROZEN_FRESH_H3_FAIL,Report the exact viscosity metrics and fresh verdict.,Do not generalize to every viscosity discretization or every observable representation.,
40,REQUAL-P05,3.5 Fresh identifiability requalification,93cb92a31225e950b042362cf2b0804ca0593c8e38ac28c86436a6ad107ef766,"The observable-defined directional-frame fallback was triggered in exactly 515,904 of 627,264 particle environments, or 82.246710%. This frequency documents degeneracy of the tested frame construction rather than failure of equivariance or graph learning. Because none of the three primary mappings satisfied the fresh identifiability criteria, locality was not interpreted. No representation-learning stage or neural correction was initiated, and the tested instantaneous online route was not supported.",data/ddo02b_identifiability/ddo02b_observable_feature_schema.json;data/ddo02b_identifiability/ddo02b_formal_verdicts.json;06_manifests/ddo02z_final_status_ledger.json,3abde8010d1eb99112af74406fffab164ecaa20aa8ba4df3e3c8d907440c28d5;6cbedb7c46bc4c3b622ef2601ee4631b9763976bb98dd414fc9dd6d33c88d87c;0f7c74b44575a3f744f31b1d2c7347d462dbfdfb381f47b0fb54087daddce54a,FROZEN_FRESH_LIMITATION_AND_CLOSURE,Report the exact fallback numerator/denominator and route-specific closure.,Do not claim that all equivariant representations fail or that H4/H5 failed.,
41,DISC-P01,4. Discussion,7ea2556302e8b0380784365c2d487cf7a5ce66e4a166d9b8020edc6cec6110c4,"The results first separate resolvability from scaling. Every evaluated component was far above the qualified uncertainty floor, but interpolation density did not satisfy the regular or jittered scaling criteria. A numerically visible defect therefore need not vary systematically along the tested discretization tracks. Conversely, the scaling evidence for the other components remained limited to their stated operator and disorder scopes. Signal qualification cannot substitute for scaling qualification, and neither addresses the deployment-observable mapping.",06_manifests/ddo01br_manifest.json;06_manifests/ddo01cr_manifest.json;data/identifiability/ddo01e_formal_verdicts.json;data/ddo02b_identifiability/ddo02b_formal_verdicts.json,9dee9a6e1894e8c1745749b159915f7adc5a422c7b612f447188ee0c01e9a875;44bc51a9835be9c3bd9cd2732a9f1b9aee28cbc98cb2ca3931b83ad70f584fef;478e51ea8a9b407a0181c9bb7789590a76e7dc8b6aa3301beb5084e8dbd1dd0e;6cbedb7c46bc4c3b622ef2601ee4631b9763976bb98dd414fc9dd6d33c88d87c,FROZEN_CROSS_STAGE_SYNTHESIS,Use the core manuscript statement within the tested scope.,Do not state a universal theorem for SPH defects or inverse problems.,
42,DISC-P03,4. Discussion,c065efa5fd322f50f64bf415b09120d2cb0ba14b6762a8a56c88c4ec119f402a,"The second separation is between scaling and identifiability. Density rate provides the clearest counterexample because it passed signal qualification and retained systematic scaling in regular and tested-disorder configurations. It nevertheless failed fresh identifiability through its disagreement tail and oracle error. Pressure and viscosity exhibited different patterns, with regular-only scaling and distinct conditional-ambiguity signatures. The componentwise contrast rules out a single total-acceleration or descriptor-expansion summary as a substitute for independent qualification.",06_manifests/ddo01cr_manifest.json;07_reports/ddo01e_disorder_mechanism_report.md;data/ddo02b_identifiability/ddo02b_metrics.json,44bc51a9835be9c3bd9cd2732a9f1b9aee28cbc98cb2ca3931b83ad70f584fef;42c5c0dace911df53b3c03ff8c4c446bcd4c8d016dd85039b45b860ead67bf3a;551dc207bb23d22271f66d76df4fc65c08aa8649e366183ddc2db23072d2d582,FROZEN_COMPONENTWISE_SYNTHESIS,Compare component scopes without changing their separate verdicts.,Do not impose a shared mechanism or scaling exponent across components.,
43,DISC-P02,4. Discussion,5cff76ee7d17765301da589229c880fbe95d4c22c531a088282dd4206100f0ec,"The third separation is between feature-space coverage and conditional identifiability. Coverage exceeded the preregistered minimum in both assessment cycles, reaching 0.9526 initially and 0.9358 after redesign. Nearby feature points were therefore available, yet their targets retained heavy disagreement tails, component-dependent conditional variance, weak oracle performance, and family sensitivity. These observations support conditional ambiguity for the tested observables, but they do not establish an architecture-independent impossibility theorem (Bellman and Åström, 1970; Stuart, 2010).",data/identifiability/ddo01e_metrics.json;data/ddo02b_identifiability/ddo02b_metrics.json;publication/failure_taxonomy.md;publication/literature/citation_claim_map.csv,871108e9619b5c5405b8895ed0e82dd22ba08bf9c2104ca04d382aa0e8df9feb;551dc207bb23d22271f66d76df4fc65c08aa8649e366183ddc2db23072d2d582;0af5609d7ee6603f001e0260ea70959394096ff81d4b051a5f081d02b991a69f;ee11699c64ce05fe80719f01baf494d672d892f8b45dbe5c107fe3e769ce388c,FROZEN_INTERPRETATION_WITH_VERIFIED_EXTERNAL_CONTEXT,Describe ambiguity as supported by the frozen diagnostics.,Do not claim an architecture-independent impossibility result.,R08;R09
44,DISC-P04,4. Discussion,3b83345db72be9f3ac3273f60d681002ea2c54386d96d5c4efc15b962011301f,"Prospective separation between diagnosis and requalification strengthens the interpretation of the redesign. Directional and component-specific hypotheses were selected using consumed evidence, fixed before new targets, and evaluated on lineages with zero overlap. The frequent frame fallback limits that observable-defined directional construction. It does not imply failure of rotational equivariance, graph neural networks, or temporal representations. Those alternatives were not tested (Satorras et al., 2021).",data/ddo02a/attribution_metrics.json;06_manifests/ca06_manifest.json;06_manifests/ddo02b_case_registry.json;data/ddo02b_identifiability/ddo02b_observable_feature_schema.json;publication/literature/citation_claim_map.csv,f2dca85e6c0e1db38aed3f32eca90a12375bc60af21a8dd544acc07b2d4c1a10;9b238af878ae9a8bb64166631abd99e30ca2c5d66d3535781085de86953f033f;5588bcc92c0db124481187c17c1e313ef308cddfc75968f152107a4abb1264b4;3abde8010d1eb99112af74406fffab164ecaa20aa8ba4df3e3c8d907440c28d5;ee11699c64ce05fe80719f01baf494d672d892f8b45dbe5c107fe3e769ce388c,FROZEN_REDESIGN_INTERPRETATION_WITH_VERIFIED_EXTERNAL_CONTEXT,Emphasize prospective separation and the construction-specific limitation.,Do not claim that equivariant GNNs or temporal observables cannot help.,R10
45,DISC-P05,4. Discussion,29bfa0cc28145d55ef200ae369983c2586a4fa77ec7a91da57532309282ed1d9,"Existing work has already demonstrated learned discretizations, coarse-grid error correction, SPH residual correction, and differentiable SPH workflows. It has also identified non-uniqueness concerns and post-training correction failures (Duraisamy, 2021; Kiener et al., 2023; Qarariyah et al., 2025; Winchenbach and Thuerey, 2026; Katz and John, 2026). The contribution here is the upstream ordering of evidence. Once the tested input-target relation failed its prerequisite, architecture search could not answer the missing-information question. No neural training, optimization, time integration, rollout, or solver-in-loop evaluation was therefore justified (Ioannidis, 2022; Sandve et al., 2013).",06_manifests/ddo02z_final_status_ledger.json;publication/literature/citation_claim_map.csv;publication/literature/verified_reference_register.csv;publication/literature/novelty_stress_test.md,0f7c74b44575a3f744f31b1d2c7347d462dbfdfb381f47b0fb54087daddce54a;ee11699c64ce05fe80719f01baf494d672d892f8b45dbe5c107fe3e769ce388c;6d33739d36d1ef7d27d2c9c375d8478eacf6fabf72c1a09cf53b832281589cb2;e3411f08de11b7e0fc2fc2a30be92299c11dc6f16db0d241f7da11bb34cdc49c,FROZEN_GOVERNANCE_INTERPRETATION_WITH_VERIFIED_EXTERNAL_CONTEXT_WITH_VERIFIED_LITERATURE_POSITIONING,State the project-specific value of prospective gating and closure.,Do not claim that this exact hierarchy is the only valid workflow for computational science.,R07;R11;R12;R15;R16;R17;R18
46,DISC-P06,4. Discussion,c480a2a12787fb8b2e27abeb55dd5006c633c978aeed091b56799b7e89708903,"These findings are restricted to fixed-time, two-dimensional, periodic manufactured fields, the frozen SPH operators, and the tested instantaneous observables. Boundary information, temporal history, latent state, alternative sensors, learned representations, dynamic integration, and solver feedback were not evaluated. The diagnostic oracles were deliberately simple and non-neural. The target singular-value decomposition described covariance only, and high-resolution SPH was not used as truth. Consequently, the result is route-specific and cannot be generalized to all SPH defects or correction strategies.",00_project_contract/ddo_project_charter.md;data/identifiability/ddo01e_target_subspace_diagnostic.json;06_manifests/ddo02z_final_status_ledger.json,73695788de6a093db17dd016ef67906098a3cef40dc2b8bf96a68058f41c2db6;e2a06889a503390a47e3e19b7164ad09135dd9575cc643d32a508bf55a381d58;0f7c74b44575a3f744f31b1d2c7347d462dbfdfb381f47b0fb54087daddce54a,FROZEN_LIMITATION,List the untested domains and preserve the reference/subspace boundaries.,Do not infer that temporal information cannot help or that the target manifold is two-dimensional.,
47,CONC-P01,5. Conclusions,d89f7ab502b395b69eb60215a7547d6118471d0e1ab63189762f4debcf677f54,"Five conclusions follow from the qualified evidence. First, the analytical fixed-time SPH defect was numerically qualified and resolved above float64 uncertainty for all five components. Second, scaling was component- and disorder-dependent: density rate qualified in regular and tested-disorder scopes, pressure and viscosity qualified only in the regular scope, and interpolation density did not qualify.",06_manifests/ddo01br_manifest.json;06_manifests/ddo01cr_manifest.json;data/identifiability/ddo01e_formal_verdicts.json;06_manifests/ddo02b_case_registry.json;data/ddo02b_identifiability/ddo02b_formal_verdicts.json,9dee9a6e1894e8c1745749b159915f7adc5a422c7b612f447188ee0c01e9a875;44bc51a9835be9c3bd9cd2732a9f1b9aee28cbc98cb2ca3931b83ad70f584fef;478e51ea8a9b407a0181c9bb7789590a76e7dc8b6aa3301beb5084e8dbd1dd0e;5588bcc92c0db124481187c17c1e313ef308cddfc75968f152107a4abb1264b4;6cbedb7c46bc4c3b622ef2601ee4631b9763976bb98dd414fc9dd6d33c88d87c,FROZEN_FINAL_SYNTHESIS,Summarize the completed evidence chain and repeated fresh H3 failure.,Do not extend the conclusion beyond the tested instantaneous online route.,
48,CONC-P02,5. Conclusions,c5b7ffa18b4645fa77f83fdde19905e03d982080e7e5c15bb680598868da21db,"Third, a spatial discretization defect may be numerically resolvable and exhibit systematic scaling without satisfying identifiability from the tested deployment-compatible instantaneous observables. Density rate provides the clearest empirical example because its systematic scaling survived tested disorder, while its fresh disagreement tail and oracle error did not satisfy the identifiability criteria.",06_manifests/ddo01br_manifest.json;06_manifests/ddo01cr_manifest.json;data/ddo02b_identifiability/ddo02b_formal_verdicts.json;06_manifests/ddo02z_final_status_ledger.json,9dee9a6e1894e8c1745749b159915f7adc5a422c7b612f447188ee0c01e9a875;44bc51a9835be9c3bd9cd2732a9f1b9aee28cbc98cb2ca3931b83ad70f584fef;6cbedb7c46bc4c3b622ef2601ee4631b9763976bb98dd414fc9dd6d33c88d87c;0f7c74b44575a3f744f31b1d2c7347d462dbfdfb381f47b0fb54087daddce54a,FROZEN_CORE_CONCLUSION,Use this sentence as the central manuscript statement.,Do not rewrite it as a claim that all SPH defects are unlearnable.,
49,CONC-P03,5. Conclusions,1e0b40bcaed39c5f68e3750a19bedb38678c407d0564b10fddb91907786409a0,"Fourth, the prospectively redesigned observables did not satisfy fresh identifiability criteria for density rate, pressure-gradient acceleration, or viscosity-Laplacian acceleration. Locality was therefore not interpreted because identifiability was its prerequisite. Fifth, no neural correction was trained, and no representation-learning or generalization claim was made. These conclusions apply only to the tested fixed-time instantaneous route and do not imply universal non-identifiability.",publication/final_hypothesis_ledger.csv;06_manifests/ddo02z_final_status_ledger.json,694841a5ff154ebaefa39207a526739eee619a8db6fb53d02447b92d92ba0743;0f7c74b44575a3f744f31b1d2c7347d462dbfdfb381f47b0fb54087daddce54a,FROZEN_TERMINAL_STATE,State the exact terminal and authorization vocabulary.,"Do not state that H4, H5, H6, neural SPH, GNNs, or Transformers failed.",
